timestamp,cross_track_error
1746285473.223515,0.1842085664840635
1746285473.2647452,0.1842085664840635
1746285473.3348718,0.1842085664840635
1746285473.3997796,0.1842085664840635
1746285473.4781106,0.1842085664840635
1746285473.5388367,0.1842085664840635
1746285473.617383,0.1842085664840635
1746285473.6856775,0.1842085664840635
1746285473.7407842,0.1842085664840635
1746285473.8096201,0.1842085664840635
1746285473.8758743,0.1842085664840635
1746285473.9456358,0.1842085664840635
1746285474.0068557,0.1842085664840635
1746285474.07439,0.1842085664840635
1746285474.146737,0.1842085664840635
1746285474.2098591,0.1842085664840635
1746285474.2812264,0.18218136833961965
1746285474.3563974,0.1842085664840635
1746285474.4230847,0.1842085664840635
1746285474.485574,0.1842085664840635
1746285474.5640733,0.1842085664840635
1746285474.6200526,0.1842085664840635
1746285474.6860805,0.1842085664840635
1746285474.7561917,0.1842085664840635
1746285474.8349695,0.1842085664840635
1746285474.8913043,0.1842085664840635
1746285474.9629838,0.1842085664840635
1746285475.038353,0.1842085664840635
1746285475.1206822,0.1842085664840635
1746285475.1766021,0.1842085664840635
1746285475.2390573,0.1842085664840635
1746285475.325661,0.18218136833961965
1746285475.3768218,0.18218136833961965
1746285475.4387507,0.1842085664840635
1746285475.5083132,0.1842085664840635
1746285475.5834904,0.18825813569966907
1746285475.6376915,0.19835231081648078
1746285475.7058988,0.17608948677116262
1746285475.7760544,0.22240982436941917
1746285475.8475134,0.24425506323129004
1746285475.9181588,0.13714700158042892
1746285475.9882128,0.2776321263383146
1746285476.0520608,0.08693493047791645
1746285476.1045165,0.09509733855280525
1746285476.1717181,0.13223328191998351
1746285476.2454424,0.17387369128601818
1746285476.3212388,0.04138755959245908
1746285476.3859897,0.10723804631403339
1746285476.4574933,0.10241927696297053
1746285476.5183063,0.10241927696297053
1746285476.5783067,0.14945139216144057
1746285476.6541655,0.13945415224003957
1746285476.737818,0.09759045687057577
1746285476.7916331,0.03194972569478536
1746285476.8783808,0.13714700158042892
1746285476.9422264,0.11684751521692273
1746285477.0106635,0.24200583664414746
1746285477.0772579,0.13119250008723238
1746285477.1586037,0.21018138871777456
1746285477.2257698,0.1914839543645988
1746285477.2911057,0.19586674659698708
1746285477.3601968,0.19805527893928696
1746285477.4437723,0.2698201545372805
1746285477.4971614,0.2698201545372805
1746285477.56106,0.27177547997012214
1746285477.6352882,0.20678950835253546
1746285477.698926,0.2834743303942686
1746285477.758659,0.28152850881409586
1746285477.8200176,0.27430510695089094
1746285477.9175718,0.2854185747636381
1746285477.9970741,0.2951163990099385
1746285478.0468585,0.2561900835214913
1746285478.125249,0.23544458779982314
1746285478.1856935,0.2312521539994681
1746285478.251717,0.26022733228572875
1746285478.3296237,0.25820964522699685
1746285478.387014,0.28152850881409586
1746285478.4704127,0.2763095343551074
1746285478.5522473,0.23997267774436676
1746285478.6084764,0.2541197279366523
1746285478.6757998,0.23793780952584856
1746285478.7421436,0.2277379401183041
1746285478.8217356,0.2174950143008725
1746285478.875266,0.2084051197538064
1746285478.9554691,0.22041394076161414
1746285479.034209,0.2174950143008725
1746285479.09599,0.21441703898483985
1746285479.1612508,0.22041394076161414
1746285479.2137833,0.23037619816866664
1746285479.292724,0.2501786948696011
1746285479.3729198,0.2541197279366523
1746285479.42858,0.23633405310664657
1746285479.5041275,0.22041394076161414
1746285479.579498,0.20639791128118623
1746285479.646819,0.2084051197538064
1746285479.7129207,0.21241478181408732
1746285479.7750673,0.2003663509106191
1746285479.8530488,0.19230081025338486
1746285479.924777,0.17812193223667833
1746285479.9879572,0.18218136833961965
1746285480.0497801,0.1801524909529514
1746285480.1222632,0.17608948677116262
1746285480.1989546,0.17608948677116262
1746285480.2810423,0.15772300052909502
1746285480.3511684,0.12887759933828338
1746285480.4182022,0.11015514717668455
1746285480.48845,0.09759459091272263
1746285480.564436,0.09339348000615233
1746285480.6317363,0.07016090343605334
1746285480.7037752,0.07651859563986216
1746285480.7860167,0.09549502557009637
1746285480.8496292,0.09129037229067877
1746285480.913738,0.09549502557009637
1746285480.98006,0.09969238851253649
1746285481.0525732,0.09759459091272263
1746285481.1218214,0.11641160588283138
1746285481.1870725,0.12887759933828338
1746285481.2675252,0.133019167401157
1746285481.3212705,0.11641160588283138
1746285481.38808,0.11641160588283138
1746285481.4642363,0.11224238487683673
1746285481.530373,0.11432787037705702
1746285481.5924516,0.1038826894063927
1746285481.6679106,0.09759459091272263
1746285481.7402544,0.1080661550674062
1746285481.8037622,0.12887759933828338
1746285481.8671222,0.1268043178642043
1746285481.9366608,0.11432787037705702
1746285481.9971912,0.1038826894063927
1746285482.0841238,0.09129037229067877
1746285482.1320179,0.08074796050478897
1746285482.2269526,0.08918549011474838
1746285482.2802968,0.08918549011474838
1746285482.3438313,0.10597519715238751
1746285482.431892,0.12057404367229198
1746285482.5067246,0.14334253291886753
1746285482.596947,0.1556738080838739
1746285482.661745,0.1556738080838739
1746285482.727457,0.17812193223667833
1746285482.8013124,0.19835231081648078
1746285482.8594604,0.19431964320998216
1746285482.937044,0.2023785289076813
1746285483.0023181,0.18218136833961965
1746285483.0740023,0.15772300052909502
1746285483.1535258,0.1350872512500167
1746285483.2094095,0.1350872512500167
1746285483.272826,0.1495157767710698
1746285483.3535528,0.17201994351811126
1746285483.4301393,0.18623408747021003
1746285483.4813616,0.19835231081648078
1746285483.5650256,0.19633680937656325
1746285483.6211002,0.20438904834794466
1746285483.6951587,0.19431964320998216
1746285483.7849898,0.17812193223667833
1746285483.8471363,0.14745974474003834
1746285483.91527,0.15977048845308087
1746285483.9651856,0.17201994351811126
1746285484.0418265,0.19835231081648078
1746285484.1167693,0.21841661643064814
1746285484.1933582,0.23633405310664657
1746285484.253936,0.21641764984715242
1746285484.320265,0.19431964320998216
1746285484.400866,0.20639791128118623
1746285484.4556353,0.22440387009714818
1746285484.5460598,0.2422770916919995
1746285484.631774,0.2541197279366523
1746285484.6983783,0.27372921662521255
1746285484.765248,0.2698201545372805
1746285484.8414328,0.2659045336298942
1746285484.9018993,0.25608803072454167
1746285484.9844725,0.24623122068196673
1746285485.051878,0.23037619816866664
1746285485.1247396,0.20438904834794466
1746285485.171815,0.21841661643064814
1746285485.2522895,0.21841661643064814
1746285485.3317182,0.21841661643064814
1746285485.3971636,0.19633680937656325
1746285485.4772592,0.18825813569966907
1746285485.5330687,0.22240982436941917
1746285485.6038241,0.2084051197538064
1746285485.6635723,0.22240982436941917
1746285485.7240217,0.2084051197538064
1746285485.8061645,0.20438904834794466
1746285485.8798509,0.20438904834794466
1746285485.9419513,0.20438904834794466
1746285486.0201228,0.2023785289076813
1746285486.0846636,0.20438904834794466
1746285486.1461558,0.23434979457255375
1746285486.2174556,0.2323637111876747
1746285486.2760482,0.2023785289076813
1746285486.3625505,0.19431964320998216
1746285486.4382803,0.19028030844000787
1746285486.5182,0.2084051197538064
1746285486.5689316,0.23182311413058534
1746285486.6466491,0.22240982436941917
1746285486.7026272,0.1801524909529514
1746285486.7829065,0.16794364140548754
1746285486.8388183,0.19028030844000787
1746285486.917638,0.19028030844000787
1746285486.97253,0.20438904834794466
1746285487.0392962,0.18825813569966907
1746285487.116951,0.19028030844000787
1746285487.1823423,0.18218136833961965
1746285487.24424,0.16181627398168186
1746285487.3213458,0.1801524909529514
1746285487.372351,0.19431964320998216
1746285487.4496117,0.18623408747021003
1746285487.515314,0.14128114260564037
1746285487.5875344,0.10178842060114336
1746285487.6529803,0.12057404367229198
1746285487.7342362,0.11224238487683673
1746285487.8025,0.11015514717668455
1746285487.863601,0.1038826894063927
1746285487.918729,0.08074796050478897
1746285487.9922082,0.1080661550674062
1746285488.0710535,0.11224238487683673
1746285488.130089,0.11015514717668455
1746285488.204556,0.06803815209847014
1746285488.2677126,0.046710865219307875
1746285488.342182,0.05952912999314926
1746285488.4272854,0.08707883123165737
1746285488.4733028,0.09759459091272263
1746285488.540429,0.055263563277594775
1746285488.6130524,0.01871270049079758
1746285488.6831777,0.025201538838976197
1746285488.7569127,0.06803815209847014
1746285488.8169975,0.09969238851253649
1746285488.9061923,0.1038826894063927
1746285488.9525826,0.0849703933909088
1746285489.0428789,0.08707883123165737
1746285489.1190171,0.11224238487683673
1746285489.16665,0.12265254221644259
1746285489.234675,0.12887759933828338
1746285489.3006806,0.14128114260564037
1746285489.3710368,0.14334253291886753
1746285489.4472752,0.14540199750504013
1746285489.5231164,0.14745974474003834
1746285489.604646,0.16998263837118882
1746285489.6528554,0.15772300052909502
1746285489.7330418,0.16386035923721487
1746285489.8110023,0.1801524909529514
1746285489.8781939,0.22440387009714818
1746285489.9315066,0.1486615636411923
1746285490.009724,0.24029769967468728
1746285490.0730488,0.22240982436941917
1746285490.1566577,0.2422770916919995
1746285490.213525,0.14782374252548722
1746285490.2785935,0.2728516160901032
1746285490.357953,0.23793780952584856
1746285490.4221191,0.23182311413058534
1746285490.4950283,0.252150015557483
1746285490.5689592,0.2383166874762537
1746285490.6282978,0.2323637111876747
1746285490.7225103,0.2422770916919995
1746285490.7897718,0.252150015557483
1746285490.8574777,0.22639627963147166
1746285490.9161224,0.21841661643064814
1746285490.978474,0.21641764984715242
1746285491.0674243,0.22639627963147166
1746285491.1292753,0.21241478181408732
1746285491.184016,0.18825813569966907
1746285491.2623174,0.17608948677116262
1746285491.3391788,0.1740555589510128
1746285491.3970656,0.16794364140548754
1746285491.4820466,0.1350872512500167
1746285491.533091,0.11432787037705702
1746285491.6152465,0.1038826894063927
1746285491.6925123,0.10597519715238751
1746285491.788947,0.11224238487683673
1746285491.8539948,0.12057404367229198
1746285491.9411387,0.12265254221644259
1746285491.993978,0.11015514717668455
1746285492.061437,0.10597519715238751
1746285492.136957,0.08707883123165737
1746285492.2260416,0.10597519715238751
1746285492.2938268,0.11432787037705702
1746285492.3717372,0.08918549011474838
1746285492.4419634,0.07016090343605334
1746285492.4973783,0.05952912999314926
1746285492.5780828,0.05312816786303582
1746285492.6535118,0.05952912999314926
1746285492.714511,0.08074796050478897
1746285492.784099,0.08918549011474838
1746285492.8595111,0.10178842060114336
1746285492.9260142,0.11015514717668455
1746285492.993849,0.08074796050478897
1746285493.0649867,0.06378724898040886
1746285493.1397016,0.0849703933909088
1746285493.1981993,0.09549502557009637
1746285493.2719305,0.09339348000615233
1746285493.3353524,0.11432787037705702
1746285493.4048972,0.12057404367229198
1746285493.4811308,0.16590295051275217
1746285493.5688114,0.16590295051275217
1746285493.6360161,0.16998263837118882
1746285493.6913855,0.19028030844000787
1746285493.759236,0.18218136833961965
1746285493.8428042,0.17201994351811126
1746285493.9072092,0.1801524909529514
1746285493.9671767,0.2003663509106191
1746285494.037339,0.2323637111876747
1746285494.1004293,0.22041394076161414
1746285494.1724515,0.19431964320998216
1746285494.2505229,0.18623408747021003
1746285494.3208482,0.17812193223667833
1746285494.3853152,0.18218136833961965
1746285494.4629223,0.17201994351811126
1746285494.5299027,0.17201994351811126
1746285494.597129,0.17608948677116262
1746285494.6620219,0.1801524909529514
1746285494.736094,0.16998263837118882
1746285494.796641,0.16386035923721487
1746285494.8782077,0.15772300052909502
1746285494.9510174,0.15157009574176533
1746285495.0139825,0.15157009574176533
1746285495.0861957,0.15772300052909502
1746285495.1677697,0.1495157767710698
1746285495.218966,0.14334253291886753
1746285495.2976215,0.12472929955139155
1746285495.3740766,0.11224238487683673
1746285495.4361744,0.1038826894063927
1746285495.498516,0.08918549011474838
1746285495.5820005,0.07016090343605334
1746285495.6572647,0.057397145515512164
1746285495.7422097,0.044568193753295904
1746285495.7922823,0.03382720275916742
1746285495.8607814,0.012207400903586
1746285495.9258494,-0.0008537061970317093
1746285496.008613,-0.016177181823745522
1746285496.0689178,-0.0271791300270592
1746285496.1311617,-0.04488124894116918
1746285496.2282696,-0.05155135683057843
1746285496.27735,-0.056007599538221174
1746285496.3467896,-0.05377851129332618
1746285496.4107566,-0.05155135683057843
1746285496.4941282,-0.06270649218444933
1746285496.5813725,-0.06270649218444933
1746285496.6286201,-0.06942310403595542
1746285496.70065,-0.07391044952301028
1746285496.775784,-0.07166579974800172
1746285496.8280115,-0.0874197526504851
1746285496.9034169,-0.09193875384322997
1746285496.9693034,-0.09028503367051448
1746285497.0360053,-0.08967837881452434
1746285497.0978947,-0.08065637397131564
1746285497.1748824,-0.08516332448975236
1746285497.2449875,-0.08516332448975236
1746285497.3226569,-0.08290886578914815
1746285497.3825488,-0.06718235983633986
1746285497.44695,-0.056007599538221174
1746285497.6773927,-0.08065637397131564
1746285497.7593288,-0.08065637397131564
1746285497.8319294,-0.08516332448975236
1746285497.8992283,-0.06942310403595542
1746285497.9849858,-0.06270649218444933
1746285498.0646439,-0.05377851129332618
1746285498.1212573,-0.04044428168727111
1746285498.1903796,-0.036014768163625886
1746285498.2613964,-0.03380299415468697
1746285498.3572512,-0.031593131445833394
1746285498.4007304,-0.0183737343430562
1746285498.4709234,-0.016177181823745522
1746285498.5322497,-0.003037286682513194
1746285498.591809,-0.007409644593906829
1746285498.6911159,-0.0183737343430562
1746285498.7374768,-0.0271791300270592
1746285498.8055665,-0.03380299415468697
1746285498.8703535,-0.03380299415468697
1746285498.9414525,-0.03822845595333438
1746285498.999652,-0.029385177560664978
1746285499.0750847,-0.04488124894116918
1746285499.1442428,-0.05377851129332618
1746285499.2219734,-0.03380299415468697
1746285499.282578,-0.01178952996157038
1746285499.36311,-0.009598645131295378
1746285499.4156325,-0.024974766035882646
1746285499.4928367,-0.031593131445833394
1746285499.5569918,-0.031593131445833394
1746285499.632742,-0.029385177560664978
1746285499.7081661,-0.0183737343430562
1746285499.7949111,-0.013982520912302034
1746285499.8428247,-0.013982520912302034
1746285499.9154563,-0.02277252399613015
1746285499.975928,-0.013982520912302034
1746285500.0631196,-0.00522252591954211
1746285500.117137,-0.0183737343430562
1746285500.1907387,-0.0183737343430562
1746285500.2577903,-0.01178952996157038
1746285500.3438394,-0.00522252591954211
1746285500.4037962,-0.009598645131295378
1746285500.478614,-0.013982520912302034
1746285500.5422432,-0.020572180916891503
1746285500.6226342,-0.029385177560664978
1746285500.696891,-0.02277252399613015
1746285500.7569678,-0.020572180916891503
1746285500.815899,-0.020572180916891503
1746285500.8951042,-0.02277252399613015
1746285500.9454358,-0.013982520912302034
1746285501.015627,-0.007409644593906829
1746285501.0768094,-0.007409644593906829
1746285501.1474993,0.0056851419632376644
1746285501.2129762,0.003507396488767828
1746285501.2809815,0.0056851419632376644
1746285501.3438914,0.014377691096644272
1746285501.4209611,0.01871270049079758
1746285501.49438,0.01654612349757662
1746285501.5727012,0.01871270049079758
1746285501.6419818,0.025201538838976197
1746285501.7218966,0.035979236770118425
1746285501.7871053,0.029518053173752345
1746285501.8445332,0.02736071777956743
1746285501.917695,0.020877424456642975
1746285501.9894857,0.029518053173752345
1746285502.0502152,0.020877424456642975
1746285502.121868,0.01654612349757662
1746285502.1953022,0.014377691096644272
1746285502.271508,0.007861020066719328
1746285502.337575,0.012207400903586
1746285502.3978915,-0.00522252591954211
1746285502.4747298,-0.00522252591954211
1746285502.5345225,-0.02277252399613015
1746285502.6106944,-0.00522252591954211
1746285502.677081,-0.0008537061970317093
1746285502.7604926,-0.007409644593906829
1746285502.808734,-0.031593131445833394
1746285502.8845017,-0.036014768163625886
1746285502.9633577,-0.02277252399613015
1746285503.018319,-0.013982520912302034
1746285503.102375,-0.00522252591954211
1746285503.1575613,-0.01178952996157038
1746285503.2183137,-0.03380299415468697
1746285503.2879834,-0.031593131445833394
1746285503.3747191,-0.036014768163625886
1746285503.4500322,-0.03380299415468697
1746285503.5041509,-0.04044428168727111
1746285503.5846782,-0.029385177560664978
1746285503.6504862,-0.031593131445833394
1746285503.7109911,-0.04932591118659725
1746285503.7817132,-0.04044428168727111
1746285503.849409,-0.05155135683057843
1746285503.9177053,-0.05155135683057843
1746285504.0005672,-0.05155135683057843
1746285504.0580518,-0.05155135683057843
1746285504.1252918,-0.03822845595333438
1746285504.1948745,-0.042661804689780265
1746285504.2596219,-0.036014768163625886
1746285504.3421094,-0.042661804689780265
1746285504.4027472,-0.04710261693935759
1746285504.4801228,-0.04932591118659725
1746285504.5465462,-0.03822845595333438
1746285504.6059568,-0.031593131445833394
1746285504.6752818,-0.03380299415468697
1746285504.7474296,-0.03380299415468697
1746285504.8151016,-0.042661804689780265
1746285504.8809445,-0.03380299415468697
1746285504.957299,-0.03380299415468697
1746285505.0143251,-0.03380299415468697
1746285505.0876887,-0.024974766035882646
1746285505.1420631,-0.04488124894116918
1746285505.2297142,-0.04710261693935759
1746285505.2999086,-0.04044428168727111
1746285505.3777645,-0.04932591118659725
1746285505.427808,-0.029385177560664978
1746285505.5058455,-0.0271791300270592
1746285505.5802553,-0.016177181823745522
1746285505.62614,-0.02277252399613015
1746285505.7251503,-0.0183737343430562
1746285505.7752082,-0.02277252399613015
1746285505.852254,-0.0271791300270592
1746285505.9210854,-0.020572180916891503
1746285505.9732132,-0.024974766035882646
1746285506.0470982,-0.0271791300270592
1746285506.099607,-0.036014768163625886
1746285506.186201,-0.02277252399613015
1746285506.2476015,-0.016177181823745522
1746285506.3195014,-0.020572180916891503
1746285506.3936005,-0.0008537061970317093
1746285506.4603117,-0.00522252591954211
1746285506.525885,-0.0008537061970317093
1746285506.596042,-0.01178952996157038
1746285506.650828,-0.02277252399613015
1746285506.7276335,-0.007409644593906829
1746285506.7927296,0.003507396488767828
1746285506.8752859,0.003507396488767828
1746285506.9313114,-0.009598645131295378
1746285507.0127811,0.010035033200030083
1746285507.0836232,-0.0008537061970317093
1746285507.142376,-0.007409644593906829
1746285507.2254415,-0.003037286682513194
1746285507.2848194,-0.00522252591954211
1746285507.3669283,0.003507396488767828
1746285507.4321752,-0.00522252591954211
1746285507.4850209,-0.009598645131295378
1746285507.5591023,-0.013982520912302034
1746285507.6381507,-0.007409644593906829
1746285507.701119,0.003507396488767828
1746285507.7771397,-0.01178952996157038
1746285507.8528073,-0.020572180916891503
1746285507.9337025,-0.031593131445833394
1746285508.0078495,-0.024974766035882646
1746285508.0538707,-0.0271791300270592
1746285508.1392586,-0.013982520912302034
1746285508.1892755,-0.00522252591954211
1746285508.2731915,-0.003037286682513194
1746285508.3353133,-0.016177181823745522
1746285508.4141338,-0.0271791300270592
1746285508.4667318,-0.031593131445833394
1746285508.5291321,-0.036014768163625886
1746285508.6031,-0.04710261693935759
1746285508.6719344,-0.05155135683057843
1746285508.7412572,-0.056007599538221174
1746285508.799582,-0.04932591118659725
1746285508.866291,-0.058238624084938774
1746285508.9287727,-0.07615705591595906
1746285509.0012476,-0.08065637397131564
1746285509.0724092,-0.08967837881452434
1746285509.1306887,-0.0874197526504851
1746285509.1985362,-0.09420110609146591
1746285509.2861521,-0.09193875384322997
1746285509.350729,-0.08290886578914815
1746285509.4150548,-0.09028503367051448
1746285509.4933476,-0.08967837881452434
1746285509.5554953,-0.07615705591595906
1746285509.620899,-0.06047158745753331
1746285509.7029877,-0.05377851129332618
1746285509.7652435,-0.06494356460305879
1746285509.8254187,-0.04488124894116918
1746285509.9043121,-0.056007599538221174
1746285509.9678364,-0.056007599538221174
1746285510.0282285,-0.06942310403595542
1746285510.110381,-0.05377851129332618
1746285510.1669652,-0.06718235983633986
1746285510.224527,-0.06494356460305879
1746285510.301806,-0.05155135683057843
1746285510.3686936,-0.06270649218444933
1746285510.4392543,-0.056007599538221174
1746285510.5066848,-0.06718235983633986
1746285510.5811944,-0.05377851129332618
1746285510.6501002,-0.042661804689780265
1746285510.7159314,-0.04932591118659725
1746285510.7936368,-0.036014768163625886
1746285510.8620944,-0.036014768163625886
1746285510.929429,-0.02277252399613015
1746285510.9943864,-0.02277252399613015
1746285511.0655262,-0.016177181823745522
1746285511.1366518,-0.00522252591954211
1746285511.215956,-0.00522252591954211
1746285511.267193,0.003507396488767828
1746285511.3360953,-0.007409644593906829
1746285511.3994446,0.0056851419632376644
1746285511.4648333,0.014377691096644272
1746285511.539681,0.02736071777956743
1746285511.5961187,0.03382720275916742
1746285511.6878295,0.01871270049079758
1746285511.7559085,0.029518053173752345
1746285511.8135052,0.01871270049079758
1746285511.877336,0.020877424456642975
1746285511.9571922,0.035979236770118425
1746285512.0160654,0.020877424456642975
1746285512.0933654,0.01871270049079758
1746285512.1577737,0.010035033200030083
1746285512.2301304,0.012207400903586
1746285512.3081114,0.0056851419632376644
1746285512.380654,0.01654612349757662
1746285512.4403365,0.025201538838976197
1746285512.5193226,0.029518053173752345
1746285512.6136374,0.038129221355868256
1746285512.6835175,0.023040513987870506
1746285512.7523577,0.05952912999314926
1746285512.8268247,0.05952912999314926
1746285512.9153516,0.07016090343605334
1746285512.9786587,0.07016090343605334
1746285513.0671947,0.07863417207131487
1746285513.1418037,0.0722820697008166
1746285513.2070732,0.07863417207131487
1746285513.2801151,0.07440122894084038
1746285513.358111,0.0722820697008166
1746285513.4195929,0.0722820697008166
1746285513.479621,0.07440122894084038
1746285513.550044,0.0849703933909088
1746285513.6198301,0.0849703933909088
1746285513.6916099,0.07863417207131487
1746285513.754045,0.05312816786303582
1746285513.8406007,0.05952912999314926
1746285513.9050496,0.05952912999314926
1746285513.9731686,0.05312816786303582
1746285514.044199,0.06165909261827341
1746285514.1284084,0.06378724898040886
1746285514.1932821,0.07016090343605334
1746285514.2707505,0.05952912999314926
1746285514.3354046,0.05312816786303582
1746285514.4122314,0.055263563277594775
1746285514.4870749,0.06378724898040886
1746285514.5455103,0.05952912999314926
1746285514.6217785,0.031673547381603315
1746285514.6838872,0.046710865219307875
1746285514.7434466,0.04027737415562835
1746285514.8171954,0.046710865219307875
1746285514.8931324,0.035979236770118425
1746285514.9744968,0.02736071777956743
1746285515.069624,0.020877424456642975
1746285515.1319773,0.029518053173752345
1746285515.1974866,0.007861020066719328
1746285515.2545562,-0.00522252591954211
1746285515.3309364,0.0056851419632376644
1746285515.3978338,0.003507396488767828
1746285515.4633505,0.01654612349757662
1746285515.542692,0.020877424456642975
1746285515.6029487,0.025201538838976197
1746285515.6741247,0.025201538838976197
1746285515.7345848,0.012207400903586
1746285515.8041499,0.038129221355868256
1746285515.862003,0.02736071777956743
1746285515.9600222,0.04885192825080804
1746285516.030331,0.06165909261827341
1746285516.094393,0.05312816786303582
1746285516.1671257,0.0722820697008166
1746285516.2247586,0.06165909261827341
1746285516.298952,0.07016090343605334
1746285516.3576114,0.06803815209847014
1746285516.4426253,0.09129037229067877
1746285516.5198398,0.08707883123165737
1746285516.5680716,0.09969238851253649
1746285516.6447437,0.12472929955139155
1746285516.7388153,0.12057404367229198
1746285516.8252468,0.1740555589510128
1746285516.897065,0.18623408747021003
1746285516.9813333,0.2023785289076813
1746285517.0367844,0.19687889829689753
1746285517.1258888,0.21841661643064814
1746285517.1875226,0.2277379401183041
1746285517.2438388,0.26022733228572875
1746285517.3343856,0.24171949119702407
1746285517.4156768,0.2604468909804507
1746285517.4686856,0.2843103709660392
1746285517.5595741,0.300232548204936
1746285517.6157572,0.29029366944258017
1746285517.6738455,0.294274066841708
1746285517.7438862,0.31801895347047404
1746285517.8020766,0.294274066841708
1746285517.8819776,0.294274066841708
1746285517.9636881,0.30815397076350315
1746285518.034547,0.2982480367616496
1746285518.0997212,0.302215413373013
1746285518.1710582,0.294274066841708
1746285518.2537372,0.29228478638016253
1746285518.3081017,0.28830089594040426
1746285518.371084,0.2810859101112857
1746285518.4418352,0.3061760319985421
1746285518.5181015,0.2803133779094205
1746285518.5814283,0.28830089594040426
1746285518.6527033,0.26458884823360634
1746285518.716545,0.2604468909804507
1746285518.7989552,0.29029366944258017
1746285518.8701856,0.2843103709660392
1746285518.9276633,0.2843103709660392
1746285519.0014648,0.29228478638016253
1746285519.074874,0.28630646380543795
1746285519.1476607,0.2722990063398532
1746285519.203101,0.25629780331856594
1746285519.2915483,0.2783122906449605
1746285519.3599503,0.2722990063398532
1746285519.426694,0.254220493573932
1746285519.5001304,0.2501212367102562
1746285519.5762634,0.23962960550738452
1746285519.6350195,0.24606703509538178
1746285519.7033944,0.22364606424017916
1746285519.7703094,0.21041087630193045
1746285519.8490307,0.21544120076273426
1746285519.9211965,0.2174950143008725
1746285519.991396,0.21041087630193045
1746285520.0579557,0.20926952721458722
1746285520.1210299,0.1974507399652352
1746285520.177374,0.21641764984715242
1746285520.2546587,0.2023785289076813
1746285520.3192785,0.19633680937656325
1746285520.405592,0.19633680937656325
1746285520.4797156,0.2023785289076813
1746285520.5411484,0.2084051197538064
1746285520.6088483,0.19431964320998216
1746285520.6764622,0.19431964320998216
1746285520.7484977,0.1801524909529514
1746285520.8118548,0.17812193223667833
1746285520.8766785,0.18825813569966907
1746285520.936127,0.19431964320998216
1746285521.0120714,0.19028030844000787
1746285521.082694,0.1801524909529514
1746285521.1550324,0.17608948677116262
1746285521.2072575,0.1740555589510128
1746285521.297574,0.17608948677116262
1746285521.348543,0.16181627398168186
1746285521.42076,0.15157009574176533
1746285521.4859514,0.13715360695751244
1746285521.5639205,0.11641160588283138
1746285521.6355946,0.11432787037705702
1746285521.701997,0.11432787037705702
1746285521.7705126,0.09969238851253649
1746285521.840273,0.09549502557009637
1746285521.9180982,0.09759459091272263
1746285521.9900956,0.07863417207131487
1746285522.054225,0.07016090343605334
1746285522.1390393,0.08707883123165737
1746285522.2010517,0.08707883123165737
1746285522.2838585,0.0722820697008166
1746285522.3957002,0.05952912999314926
1746285522.4522374,0.07651859563986216
1746285522.5463653,0.07863417207131487
1746285522.616344,0.07651859563986216
1746285522.677366,0.0722820697008166
1746285522.743457,0.05952912999314926
1746285522.8266118,0.08074796050478897
1746285522.914495,0.07440122894084038
1746285522.9643528,0.08918549011474838
1746285523.0467486,0.1080661550674062
1746285523.1152737,0.11224238487683673
1746285523.1914737,0.11224238487683673
1746285523.2759268,0.14128114260564037
1746285523.3477702,0.09074797327505608
1746285523.4147718,0.09074797327505608
1746285523.484689,0.08846216620893788
1746285523.5474594,0.16794364140548754
1746285523.6248248,0.15362290898802505
1746285523.6941483,0.16794364140548754
1746285523.7657392,0.2003663509106191
1746285523.8526597,0.18825813569966907
1746285523.9006746,0.11575371818981069
1746285523.989183,0.18623408747021003
1746285524.0538075,0.1948076312321221
1746285524.1235778,0.19835231081648078
1746285524.2102385,0.19835231081648078
1746285524.2815576,0.18218136833961965
1746285524.3247402,0.16998263837118882
1746285524.395599,0.18218136833961965
1746285524.4650338,0.19633680937656325
1746285524.5440328,0.19835231081648078
1746285524.606828,0.18623408747021003
1746285524.6951206,0.19431964320998216
1746285524.7452402,0.2003663509106191
1746285524.810542,0.21041087630193045
1746285524.8834689,0.21641764984715242
1746285524.9532974,0.20639791128118623
1746285525.0255303,0.18218136833961965
1746285525.1046863,0.1842085664840635
1746285525.176529,0.17812193223667833
1746285525.246395,0.19028030844000787
1746285525.3360326,0.19230081025338486
1746285525.3951867,0.20438904834794466
1746285525.4755023,0.19835231081648078
1746285525.5526597,0.19230081025338486
1746285525.6144314,0.19633680937656325
1746285525.6998894,0.19431964320998216
1746285525.7711596,0.2023785289076813
1746285525.8379295,0.17608948677116262
1746285525.8953614,0.1698150730853646
1746285525.9556227,0.18650515472520693
1746285526.0334296,0.2659045336298942
1746285526.0958006,0.23544458779982314
1746285526.1815374,0.2338631231017061
1746285526.25208,0.20806416684248277
1746285526.3401346,0.2333492773916612
1746285526.3876772,0.2803133779094205
1746285526.467799,0.2604468909804507
1746285526.5328217,0.26458884823360634
1746285526.6177716,0.28314016367558276
1746285526.6709254,0.2769722917628865
1746285526.7491186,0.2728516160901032
1746285526.8174686,0.2666572445085618
1746285526.8619325,0.2707885404163613
1746285526.9441485,0.25629780331856594
1746285527.003929,0.24171949119702407
1746285527.0797849,0.24403728837806568
1746285527.1536098,0.2333492773916612
1746285527.220885,0.23544458779982314
1746285527.2937884,0.23997267774436676
1746285527.3581629,0.25214588139264177
1746285527.4474325,0.24809489343724753
1746285527.5140533,0.21544120076273426
1746285527.5948205,0.20720875886777343
1746285527.6415472,0.19835231081648078
1746285527.7249193,0.19835231081648078
1746285527.8011174,0.17812193223667833
1746285527.8552601,0.1801524909529514
1746285527.9441261,0.19230081025338486
1746285528.0183623,0.17608948677116262
1746285528.078803,0.17608948677116262
1746285528.1583202,0.16386035923721487
1746285528.233048,0.17608948677116262
1746285528.3189163,0.18218136833961965
1746285528.379285,0.18218136833961965
1746285528.450022,0.14540199750504013
1746285528.515014,0.15772300052909502
1746285528.5783083,0.16998263837118882
1746285528.6626527,0.19431964320998216
1746285528.7222588,0.21641764984715242
1746285528.7971456,0.22978138719313732
1746285528.8572536,0.24200583664414746
1746285528.928352,0.22838705498540585
1746285529.0158942,0.19835231081648078
1746285529.0813622,0.17812193223667833
1746285529.1365237,0.17201994351811126
1746285529.201317,0.1556738080838739
1746285529.2720942,0.16590295051275217
1746285529.3507466,0.1842085664840635
1746285529.4112906,0.18825813569966907
1746285529.4918833,0.18623408747021003
1746285529.5728428,0.1740555589510128
1746285529.6291428,0.16794364140548754
1746285529.6956983,0.17812193223667833
1746285529.7805967,0.18623408747021003
1746285529.845784,0.16998263837118882
1746285529.894058,0.16998263837118882
1746285529.9723227,0.16590295051275217
1746285530.0551972,0.14334253291886753
1746285530.1161315,0.15977048845308087
1746285530.1997058,0.16181627398168186
1746285530.2850502,0.18218136833961965
1746285530.336571,0.18825813569966907
1746285530.4113314,0.17608948677116262
1746285530.4722073,0.16998263837118882
1746285530.5493898,0.17812193223667833
1746285530.617657,0.2023785289076813
1746285530.698561,0.21641764984715242
1746285530.7731838,0.21641764984715242
1746285530.8343413,0.20438904834794466
1746285530.9061599,0.21041087630193045
1746285530.964393,0.23037619816866664
1746285531.0460782,0.25608803072454167
1746285531.1088498,0.24200583664414746
1746285531.1762474,0.23434979457255375
1746285531.2641752,0.23037619816866664
1746285531.3582447,0.19894840998495913
1746285531.450151,0.22978138719313732
1746285531.5255466,0.2776321263383146
1746285531.5715013,0.24606703509538178
1746285531.650159,0.20382437230837377
1746285531.7145536,0.20382437230837377
1746285531.7678735,0.21018138871777456
1746285531.8693082,0.21018138871777456
1746285531.9174078,0.2270526332981922
1746285531.9776294,0.25608803072454167
1746285532.0692081,0.29228478638016253
1746285532.1733398,0.19230081025338486
1746285532.2470832,0.24029769967468728
1746285532.2983515,0.22838705498540585
1746285532.3744216,0.21841661643064814
1746285532.4367268,0.2084051197538064
1746285532.5165741,0.2023785289076813
1746285532.5899456,0.19633680937656325
1746285532.6532383,0.17201994351811126
1746285532.7588422,0.1842085664840635
1746285532.8277657,0.21241478181408732
1746285532.89907,0.16181627398168186
1746285532.9724784,0.16386035923721487
1746285533.0212247,0.18623408747021003
1746285533.09725,0.16590295051275217
1746285533.1696155,0.15977048845308087
1746285533.2489524,0.17812193223667833
1746285533.3243601,0.19431964320998216
1746285533.3902519,0.20438904834794466
1746285533.4656613,0.17201994351811126
1746285533.53541,0.16386035923721487
1746285533.6045532,0.17608948677116262
1746285533.6629393,0.2084051197538064
1746285533.7390256,0.2422770916919995
1746285533.7997217,0.15095813327060992
1746285533.8849227,0.22041394076161414
1746285533.937703,0.2084051197538064
1746285534.0138793,0.21041087630193045
1746285534.0938406,0.19835231081648078
1746285534.1473439,0.18825813569966907
1746285534.2237985,0.19633680937656325
1746285534.2899528,0.20438904834794466
1746285534.345966,0.2023785289076813
1746285534.4361756,0.1801524909529514
1746285534.507094,0.19230081025338486
1746285534.5605845,0.1801524909529514
1746285534.6489692,0.17608948677116262
1746285534.7306957,0.17608948677116262
1746285534.798267,0.15772300052909502
1746285534.860998,0.12887759933828338
1746285534.9411907,0.11641160588283138
1746285535.0041976,0.09969238851253649
1746285535.0672672,0.09129037229067877
1746285535.1458642,0.09549502557009637
1746285535.222805,0.09549502557009637
1746285535.2897823,0.09549502557009637
1746285535.3824158,0.09759459091272263
1746285535.4445758,0.12057404367229198
1746285535.5021665,0.11224238487683673
1746285535.5812595,0.1268043178642043
1746285535.6401596,0.11432787037705702
1746285535.7242575,0.11015514717668455
1746285535.7998145,0.13715360695751244
1746285535.873111,0.133019167401157
1746285535.9583697,0.11641160588283138
1746285536.0165145,0.11641160588283138
1746285536.084547,0.12887759933828338
1746285536.1654832,0.14540199750504013
1746285536.2311387,0.12265254221644259
1746285536.3057632,0.133019167401157
1746285536.3708577,0.12265254221644259
1746285536.4269795,0.08918549011474838
1746285536.5040517,0.09339348000615233
1746285536.5799928,0.11224238487683673
1746285536.6371667,0.11015514717668455
1746285536.6978555,0.11641160588283138
1746285536.7743418,0.11432787037705702
1746285536.8393474,0.11015514717668455
1746285536.8994274,0.12057404367229198
1746285536.9872696,0.11849380172820696
1746285537.0510004,0.1080661550674062
1746285537.1229496,0.11641160588283138
1746285537.1825714,0.12472929955139155
1746285537.2695117,0.15362290898802505
1746285537.3300943,0.15772300052909502
1746285537.3995676,0.14745974474003834
1746285537.4822662,0.14128114260564037
1746285537.5382392,0.16181627398168186
1746285537.6213975,0.16794364140548754
1746285537.6790884,0.19230081025338486
1746285537.7517374,0.22041394076161414
1746285537.8206055,0.07757578370067021
1746285537.8861957,0.2541197279366523
1746285537.9525058,0.24029769967468728
1746285538.0194545,0.22440387009714818
1746285538.091178,0.21241478181408732
1746285538.1646924,0.1449847103512646
1746285538.2452095,0.23434979457255375
1746285538.3130405,0.20438904834794466
1746285538.365433,0.19028030844000787
1746285538.4373674,0.1801524909529514
1746285538.5068996,0.16590295051275217
1746285538.589462,0.14745974474003834
1746285538.6401453,0.133019167401157
1746285538.71634,0.11224238487683673
1746285538.77248,0.12472929955139155
1746285538.8439384,0.10597519715238751
1746285538.911734,0.09549502557009637
1746285538.9867074,0.1038826894063927
1746285539.0540504,0.09759459091272263
1746285539.1532707,0.0722820697008166
1746285539.236277,0.05312816786303582
1746285539.284982,0.03382720275916742
1746285539.3585994,0.031673547381603315
1746285539.4254596,0.055263563277594775
1746285539.495155,0.07863417207131487
1746285539.5591397,0.09549502557009637
1746285539.633695,0.09759459091272263
1746285539.7047553,0.11432787037705702
1746285539.7795024,0.14745974474003834
1746285539.845589,0.11015514717668455
1746285539.911939,0.12265254221644259
1746285539.9839022,0.1350872512500167
1746285540.0540795,0.16386035923721487
1746285540.1218216,0.17201994351811126
1746285540.1889572,0.16794364140548754
1746285540.2489052,0.18218136833961965
1746285540.308631,0.1801524909529514
1746285540.3802562,0.17201994351811126
1746285540.4416227,0.1801524909529514
1746285540.5228498,0.18825813569966907
1746285540.5937388,0.2023785289076813
1746285540.679314,0.21441703898483985
1746285540.7561193,0.252150015557483
1746285540.83039,0.25608803072454167
1746285540.8947833,0.25416882961928516
1746285540.9565678,0.2207396095621401
1746285541.0276408,0.29228478638016253
1746285541.0990689,0.20678950835253546
1746285541.1545496,0.2270526332981922
1746285541.2332175,0.20242630312400842
1746285541.3196545,0.2678632383879099
1746285541.4026248,0.2333492773916612
1746285541.4848957,0.25214588139264177
1746285541.5554733,0.24403728837806568
1746285541.6443076,0.2383166874762537
1746285541.7209756,0.23037619816866664
1746285541.8115244,0.21954709459835453
1746285541.8708715,0.22440387009714818
1746285541.947693,0.22978138719313732
1746285542.0045416,0.2541197279366523
1746285542.0737264,0.22838705498540585
1746285542.1645067,0.22041394076161414
1746285542.232637,0.18623408747021003
1746285542.3193433,0.19028030844000787
1746285542.3692396,0.20438904834794466
1746285542.4475446,0.2084051197538064
1746285542.5201783,0.16590295051275217
1746285542.5892978,0.15772300052909502
1746285542.6683617,0.18623408747021003
1746285542.749626,0.17201994351811126
1746285542.7976437,0.16998263837118882
1746285542.87392,0.16590295051275217
1746285542.9466686,0.1801524909529514
1746285543.0053961,0.1350872512500167
1746285543.0760872,0.12057404367229198
1746285543.1432102,0.1350872512500167
1746285543.1997266,0.12057404367229198
1746285543.268942,0.12887759933828338
1746285543.3378718,0.14128114260564037
1746285543.4075687,0.1038826894063927
1746285543.4861436,0.09339348000615233
1746285543.559625,0.11849380172820696
1746285543.6299622,0.11849380172820696
1746285543.69884,0.11224238487683673
1746285543.7650151,0.11849380172820696
1746285543.8491492,0.1038826894063927
1746285543.9175162,0.11432787037705702
1746285543.9889286,0.13094935324209975
1746285544.0747266,0.11432787037705702
1746285544.130602,0.1350872512500167
1746285544.1928575,0.1495157767710698
1746285544.2976356,0.1495157767710698
1746285544.3458157,0.1495157767710698
1746285544.422684,0.16181627398168186
1746285544.4916923,0.16998263837118882
1746285544.5719755,0.17201994351811126
1746285544.622377,0.18623408747021003
1746285544.684712,0.2084051197538064
1746285544.7799294,0.21041087630193045
1746285544.8384316,0.21841661643064814
1746285544.9281878,0.22364606424017916
1746285544.9877257,0.22240982436941917
1746285545.0584536,0.21241478181408732
1746285545.1304834,0.20514624625909417
1746285545.203876,0.2270526332981922
1746285545.2882595,0.22978138719313732
1746285545.362339,0.23182311413058534
1746285545.432287,0.21441014218700905
1746285545.501738,0.218631734052297
1746285545.576619,0.23590122983209733
1746285545.623848,0.24200583664414746
1746285545.7001803,0.2501212367102562
1746285545.7775366,0.23793780952584856
1746285545.8492167,0.22240982436941917
1746285545.9229708,0.16794364140548754
1746285545.980489,0.22440387009714818
1746285546.0498273,0.22240982436941917
1746285546.138071,0.23434979457255375
1746285546.2061594,0.22364606424017916
1746285546.277569,0.22569277073136837
1746285546.3609154,0.2422770916919995
1746285546.4211028,0.2422770916919995
1746285546.5069244,0.24029769967468728
1746285546.5654852,0.2422770916919995
1746285546.645574,0.2338631231017061
1746285546.6992438,0.23793780952584856
1746285546.7822502,0.2795811081031429
1746285546.8610163,0.2854185747636381
1746285546.930404,0.25805453222496294
1746285546.9950135,0.26001943130949245
1746285547.0777347,0.2843103709660392
1746285547.1652434,0.2678632383879099
1746285547.2488241,0.2383166874762537
1746285547.3341389,0.21441703898483985
1746285547.403924,0.22838705498540585
1746285547.4632003,0.2501786948696011
1746285547.5241723,0.26001943130949245
1746285547.620966,0.24029769967468728
1746285547.6958566,0.22041394076161414
1746285547.7540488,0.21641764984715242
1746285547.811132,0.21241478181408732
1746285547.8971386,0.19633680937656325
1746285547.9708152,0.19431964320998216
1746285548.030374,0.19633680937656325
1746285548.115688,0.18825813569966907
1746285548.1860642,0.17608948677116262
1746285548.2528265,0.17201994351811126
1746285548.334906,0.16181627398168186
1746285548.4189653,0.14334253291886753
1746285548.5129027,0.133019167401157
1746285548.5781882,0.1080661550674062
1746285548.6285224,0.1080661550674062
1746285548.7012813,0.08707883123165737
1746285548.784629,0.06378724898040886
1746285548.862512,0.04027737415562835
1746285548.9460044,0.031673547381603315
1746285549.0132394,0.025201538838976197
1746285549.0980258,0.012207400903586
1746285549.1650555,0.0056851419632376644
1746285549.2249186,-0.0183737343430562
1746285549.3014963,-0.0271791300270592
1746285549.394137,-0.031593131445833394
1746285549.4762692,-0.04044428168727111
1746285549.5452747,-0.05377851129332618
1746285549.6338875,-0.06494356460305879
1746285549.7018514,-0.056007599538221174
1746285549.773782,-0.058238624084938774
1746285549.8343875,-0.06047158745753331
1746285549.903005,-0.06270649218444933
1746285549.9739666,-0.08065637397131564
1746285550.049353,-0.09873175263282154
1746285550.1207764,-0.09420110609146591
1746285550.2041528,-0.09193875384322997
1746285550.2805367,-0.08290886578914815
1746285550.3443606,-0.09193875384322997
1746285550.4075763,-0.08290886578914815
1746285550.4731226,-0.07166579974800172
1746285550.557652,-0.0874197526504851
1746285550.637671,-0.07391044952301028
1746285550.7172985,-0.06942310403595542
1746285550.8027503,-0.05155135683057843
1746285550.8817406,-0.03380299415468697
1746285550.9521825,0.003507396488767828
1746285551.027451,0.0056851419632376644
1746285551.0983858,0.0056851419632376644
1746285551.1972091,0.01654612349757662
1746285551.2854927,0.03382720275916742
1746285551.3419492,0.01654612349757662
1746285551.416281,0.01654612349757662
1746285551.4823937,0.03382720275916742
1746285551.5708895,0.046710865219307875
1746285551.6450062,0.038129221355868256
1746285551.7224815,0.05312816786303582
1746285551.8066654,0.06165909261827341
1746285551.8787162,0.057397145515512164
1746285551.9576025,0.06378724898040886
1746285552.0524137,0.06591360137621732
1746285552.1291504,0.06378724898040886
1746285552.2326212,0.07651859563986216
1746285552.2967029,0.07016090343605334
1746285552.364879,0.06803815209847014
1746285552.4497619,0.07016090343605334
1746285552.550075,0.08074796050478897
1746285552.5988812,0.07440122894084038
1746285552.6925056,0.06803815209847014
1746285552.7610688,0.06803815209847014
1746285552.8398144,0.08074796050478897
1746285552.9449794,0.0849703933909088
1746285553.0247529,0.06803815209847014
1746285553.0979528,0.06803815209847014
1746285553.179936,0.05952912999314926
1746285553.254689,0.05952912999314926
1746285553.315636,0.055263563277594775
1746285553.3951666,0.05952912999314926
1746285553.4929636,0.044568193753295904
1746285553.58798,0.01654612349757662
1746285553.6319256,0.0056851419632376644
1746285553.738232,-0.00522252591954211
1746285553.818188,0.0056851419632376644
1746285553.8973129,-0.013982520912302034
1746285553.9821064,-0.016177181823745522
1746285554.0486217,-0.04488124894116918
1746285554.124562,-0.05377851129332618
1746285554.1834276,-0.04488124894116918
1746285554.2677658,-0.03380299415468697
1746285554.3469317,-0.042661804689780265
1746285554.4173868,-0.06494356460305879
1746285554.4880939,-0.0784058464633926
1746285554.561067,-0.08290886578914815
1746285554.652898,-0.08065637397131564
1746285554.746487,-0.07615705591595906
1746285554.8136723,-0.08516332448975236
1746285554.887098,-0.09193875384322997
1746285554.9418836,-0.09420110609146591
1746285555.0146139,-0.09420110609146591
1746285555.077583,-0.09646543815466879
1746285555.1613238,-0.09873175263282154
1746285555.252392,-0.10554284397525224
1746285555.3230789,-0.1089196680194338
1746285555.388903,-0.10424853636661564
1746285555.447723,-0.10100005213045989
1746285555.5186417,-0.10327056640759087
1746285555.6052132,-0.09873175263282154
1746285555.6771894,-0.08516332448975236
1746285555.7351117,-0.08290886578914815
1746285555.8166857,-0.09873175263282154
1746285555.8714936,-0.09873175263282154
1746285555.9311469,-0.10100005213045989
1746285556.0103102,-0.08796505657347357
1746285556.074667,-0.09873175263282154
1746285556.151926,-0.08967837881452434
1746285556.230526,-0.08290886578914815
1746285556.3011599,-0.06047158745753331
1746285556.3857257,-0.04932591118659725
1746285556.4599726,-0.031593131445833394
1746285556.5227115,-0.03380299415468697
1746285556.6325114,-0.036014768163625886
1746285556.701784,-0.016177181823745522
1746285556.7796488,-0.02277252399613015
1746285556.845026,-0.02277252399613015
1746285556.9265072,-0.00522252591954211
1746285557.0142002,-0.007409644593906829
1746285557.1032917,0.003507396488767828
1746285557.1858437,0.014377691096644272
1746285557.2564402,0.0120915090262597
1746285557.353809,0.02736071777956743
1746285557.4088674,0.0342936678845184
1746285557.466146,0.020877424456642975
1746285557.5423672,0.01654612349757662
1746285557.6131663,0.035979236770118425
1746285557.6814928,0.057397145515512164
1746285557.7408996,0.055263563277594775
1746285557.7981427,0.057397145515512164
1746285557.8833864,0.057397145515512164
1746285557.9637914,0.06165909261827341
1746285558.0392842,0.06803815209847014
1746285558.0982664,0.07016090343605334
1746285558.1727896,0.07863417207131487
1746285558.2323952,0.08074796050478897
1746285558.3426673,0.07651859563986216
1746285558.3971908,0.06803815209847014
1746285558.4711716,0.07440122894084038
1746285558.5598388,0.07863417207131487
1746285558.621228,0.07863417207131487
1746285558.6799345,0.08918549011474838
1746285558.760534,0.09759459091272263
1746285558.8170514,0.09969238851253649
1746285558.9078658,0.09549502557009637
1746285558.9618638,0.09129037229067877
1746285559.0579681,0.07863417207131487
1746285559.113455,0.07651859563986216
1746285559.189034,0.08285996320603979
1746285559.2606027,0.08707883123165737
1746285559.3410368,0.09129037229067877
1746285559.3966308,0.08285996320603979
1746285559.480472,0.08285996320603979
1746285559.5549126,0.07863417207131487
1746285559.627699,0.07440122894084038
1746285559.6961718,0.07440122894084038
1746285559.778504,0.06803815209847014
1746285559.8681495,0.05952912999314926
1746285559.9528773,0.046710865219307875
1746285560.0146303,0.038129221355868256
1746285560.0947778,0.035979236770118425
1746285560.1677477,0.02736071777956743
1746285560.2351441,0.029518053173752345
1746285560.3067617,0.029518053173752345
1746285560.383415,0.029518053173752345
1746285560.4426298,0.02736071777956743
1746285560.5302858,0.031673547381603315
1746285560.613319,0.025201538838976197
1746285560.6931121,-0.003037286682513194
1746285560.7671452,-0.024974766035882646
1746285560.8388927,-0.036014768163625886
1746285560.9276896,-0.05377851129332618
1746285560.986364,-0.05155135683057843
1746285561.0478864,-0.03822845595333438
1746285561.1276124,-0.042661804689780265
1746285561.1838672,-0.03822845595333438
1746285561.278488,-0.03822845595333438
1746285561.3346949,-0.04044428168727111
1746285561.418924,-0.04710261693935759
1746285561.4804049,-0.056007599538221174
1746285561.542181,-0.07391044952301028
1746285561.6453683,-0.08065637397131564
1746285561.7068148,-0.08065637397131564
1746285561.7756019,-0.07615705591595906
1746285561.8505044,-0.07391044952301028
1746285561.9135454,-0.0740890036220443
1746285562.0126295,-0.07178353319306847
1746285562.06602,-0.092606881765443
1746285562.147847,-0.09193875384322997
1746285562.2316058,-0.07615705591595906
1746285562.3158088,-0.031593131445833394
1746285562.3977082,-0.029385177560664978
1746285562.4452844,-0.016177181823745522
1746285562.5198302,0.0013277812383684807
1746285562.595133,0.0013277812383684807
1746285562.7141278,-0.00522252591954211
1746285562.779764,0.023040513987870506
1746285562.8366613,0.04027737415562835
1746285562.9192903,0.055263563277594775
1746285562.985965,0.04885192825080804
1746285563.0916908,0.05099095695952252
1746285563.1512637,0.046710865219307875
1746285563.2333214,0.038129221355868256
1746285563.3187711,0.046710865219307875
1746285563.3793588,0.06378724898040886
1746285563.4670815,0.08285996320603979
1746285563.5514333,0.07863417207131487
1746285563.6455183,0.07440122894084038
1746285563.7397816,0.09969238851253649
1746285563.8316512,0.09759459091272263
1746285563.8892374,0.1038826894063927
1746285563.9791493,0.1038826894063927
1746285564.0584412,0.1080661550674062
1746285564.1494997,0.1080661550674062
1746285564.2198312,0.11641160588283138
1746285564.2778738,0.11432787037705702
1746285564.34736,0.1080661550674062
1746285564.4204457,0.12265254221644259
1746285564.497531,0.1080661550674062
1746285564.5577252,0.10597519715238751
1746285564.6153116,0.09549502557009637
1746285564.6886413,0.09969238851253649
1746285564.7512054,0.1080661550674062
1746285564.8450766,0.10597519715238751
1746285564.9092634,0.1038826894063927
1746285564.9890597,0.09759459091272263
1746285565.0713253,0.08074796050478897
1746285565.1151497,0.07440122894084038
1746285565.1979432,0.07440122894084038
1746285565.2586653,0.07016090343605334
1746285565.3335493,0.07651859563986216
1746285565.4186373,0.07016090343605334
1746285565.4766161,0.06591360137621732
1746285565.5662398,0.0722820697008166
1746285565.6356318,0.06591360137621732
1746285565.724472,0.05952912999314926
1746285565.7932274,0.057397145515512164
1746285565.8518968,0.06165909261827341
1746285565.9429028,0.046710865219307875
1746285566.013061,0.055263563277594775
1746285566.0946078,0.04885192825080804
1746285566.1646597,0.04027737415562835
1746285566.2369652,0.014377691096644272
1746285566.3145857,0.01654612349757662
1746285566.3912656,0.014377691096644272
1746285566.504036,0.025201538838976197
1746285566.570547,0.02736071777956743
1746285566.6733909,0.020877424456642975
1746285566.7458606,0.035979236770118425
1746285566.8349152,0.023040513987870506
1746285566.8837361,0.007861020066719328
1746285566.9671423,0.01871270049079758
1746285567.0521939,0.023040513987870506
1746285567.1288772,0.038129221355868256
1746285567.2033641,0.029518053173752345
1746285567.2771494,0.025201538838976197
1746285567.34229,0.023040513987870506
1746285567.4106197,0.020877424456642975
1746285567.4836278,0.029518053173752345
1746285567.572329,0.025201538838976197
1746285567.6370714,0.01654612349757662
1746285567.7124715,0.012207400903586
1746285567.7626207,0.01871270049079758
1746285567.8409238,0.014377691096644272
1746285567.9044821,0.025201538838976197
1746285567.9854233,0.031673547381603315
1746285568.0715873,0.038129221355868256
1746285568.1379716,0.046710865219307875
1746285568.2268791,0.02736071777956743
1746285568.2817137,0.03382720275916742
1746285568.370161,0.038129221355868256
1746285568.4249666,0.03382720275916742
1746285568.4936717,0.03382720275916742
1746285568.5844965,0.046710865219307875
1746285568.6394837,0.035979236770118425
1746285568.698156,0.031673547381603315
1746285568.800033,0.044568193753295904
1746285568.8714035,0.08074796050478897
1746285568.9364176,0.08074796050478897
1746285569.0023127,0.08285996320603979
1746285569.0891702,0.08074796050478897
1746285569.14867,0.07440122894084038
1746285569.204008,0.11224238487683673
1746285569.2942722,0.12472929955139155
1746285569.3571193,0.13715360695751244
1746285569.418729,0.14540199750504013
1746285569.5020692,0.14128114260564037
1746285569.562495,0.15772300052909502
1746285569.6609788,0.15362290898802505
1746285569.7157578,0.16772078173670865
1746285569.8027978,0.1719075797131532
1746285569.8693614,0.20101597939043647
1746285569.9303963,0.20594527944026605
1746285570.0331647,0.17608948677116262
1746285570.0956485,0.1910604264571565
1746285570.1761706,0.20382437230837377
1746285570.2518716,0.2338631231017061
1746285570.326816,0.28231279823397726
1746285570.3788025,0.2843103709660392
1746285570.4643507,0.2604468909804507
1746285570.5302339,0.243564404732733
1746285570.606004,0.24797799003676255
1746285570.6625736,0.2457104159242293
1746285570.7345443,0.23962960550738452
1746285570.808864,0.23544458779982314
1746285570.88959,0.2642580141215857
1746285570.9820402,0.26022733228572875
1746285571.0587983,0.24403728837806568
1746285571.1457424,0.23997267774436676
1746285571.232481,0.21229677148938153
1746285571.3266716,0.22978138719313732
1746285571.386742,0.21954709459835453
1746285571.4708495,0.19687889829689753
1746285571.5595431,0.16562470338289997
1746285571.645334,0.1740555589510128
1746285571.721544,0.14879185537490214
1746285571.7914724,0.14540199750504013
1746285571.8562949,0.12265254221644259
1746285571.9121492,0.133019167401157
1746285572.0172412,0.11849380172820696
1746285572.1170404,0.11015514717668455
1746285572.2030165,0.11015514717668455
1746285572.2792537,0.1080661550674062
1746285572.369818,0.11224238487683673
1746285572.4558928,0.1038826894063927
1746285572.524915,0.09759459091272263
1746285572.6073155,0.08918549011474838
1746285572.6977832,0.08918549011474838
1746285572.7736874,0.09969238851253649
1746285572.8133469,0.07016090343605334
1746285572.907065,0.07440122894084038
1746285573.0039716,0.07016090343605334
1746285573.0910583,0.09549502557009637
1746285573.1871102,0.1038826894063927
1746285573.2446232,0.09969238851253649
1746285573.313659,0.10178842060114336
1746285573.407876,0.11849380172820696
1746285573.5029466,0.09339348000615233
1746285573.570547,0.13921823668885538
1746285573.6534653,0.13921823668885538
1746285573.7415469,0.17201994351811126
1746285573.8073258,0.18825813569966907
1746285573.8847203,0.21241478181408732
1746285573.9661975,0.22440387009714818
1746285574.028325,0.252150015557483
1746285574.1107447,0.218631734052297
1746285574.1880157,0.23793780952584856
1746285574.2460918,0.20170179514491637
1746285574.3178852,0.17822967129252637
1746285574.3772602,0.17178891994019296
1746285574.446711,0.20101597939043647
1746285574.5162113,0.2501212367102562
1746285574.5734842,0.2642580141215857
1746285574.6541054,0.25629780331856594
1746285574.719978,0.2666572445085618
1746285574.7801423,0.28519265955114653
1746285574.8621233,0.2728516160901032
1746285574.9298048,0.28519265955114653
1746285574.9851074,0.2776728074106198
1746285575.0573897,0.2653089461782013
1746285575.1443074,0.2755550814241319
1746285575.1961067,0.2728516160901032
1746285575.287885,0.2707885404163613
1746285575.3427668,0.26067902537292786
1746285575.4134476,0.2457104159242293
1746285575.4980462,0.23445006209565936
1746285575.5660794,0.24141664781009467
1746285575.6313999,0.25629780331856594
1746285575.6985881,0.2702914142304144
1746285575.7610176,0.2803133779094205
1746285575.8228674,0.29228478638016253
1746285575.8946946,0.2763095343551074
1746285575.9519763,0.2501212367102562
1746285576.025793,0.25416882961928516
1746285576.0999975,0.23997267774436676
1746285576.1773202,0.22978138719313732
1746285576.2314353,0.21132855351127774
1746285576.3050911,0.2023785289076813
1746285576.3591485,0.20438904834794466
1746285576.4405663,0.20438904834794466
1746285576.5119772,0.19835231081648078
1746285576.5745084,0.1842085664840635
1746285576.6516898,0.19431964320998216
1746285576.7075658,0.1842085664840635
1746285576.7738814,0.17608948677116262
1746285576.8512516,0.15977048845308087
1746285576.9248333,0.15362290898802505
1746285576.98563,0.13094935324209975
1746285577.0591412,0.0849703933909088
1746285577.1222222,0.10597519715238751
1746285577.207768,0.11224238487683673
1746285577.2825038,0.1104928315266369
1746285577.3358574,0.08285996320603979
1746285577.408777,0.0849703933909088
1746285577.4667864,0.09129037229067877
1746285577.5480611,0.07863417207131487
1746285577.600579,0.08074796050478897
1746285577.6841974,0.08918549011474838
1746285577.7651582,0.1080661550674062
1746285577.8273387,0.11849380172820696
1746285577.9057863,0.1350872512500167
1746285577.9781697,0.13715360695751244
1746285578.0379317,0.13821260293929336
1746285578.1097026,0.15511761902431767
1746285578.1660273,0.18623408747021003
1746285578.2390869,0.1910604264571565
1746285578.3175917,0.1846535437277904
1746285578.3931239,0.21441014218700905
1746285578.4597235,0.22495023157107855
1746285578.5347602,0.2500606755770417
1746285578.5959852,0.24171949119702407
1746285578.6703248,0.2783122906449605
1746285578.7281423,0.294274066841708
1746285578.799979,0.30815397076350315
1746285578.8732944,0.31210493601254713
1746285578.9384778,0.302215413373013
1746285579.0074542,0.29029366944258017
1746285579.0993068,0.27430510695089094
1746285579.1654239,0.2722990063398532
1746285579.2311034,0.2682819610679658
1746285579.311315,0.24606703509538178
1746285579.361784,0.24403728837806568
1746285579.4474466,0.21954709459835453
1746285579.5080674,0.23182311413058534
1746285579.5903764,0.24200583664414746
1746285579.6571198,0.26022733228572875
1746285579.7374222,0.2783122906449605
1746285579.844518,0.2763095343551074
1746285579.8960526,0.24809489343724753
1746285579.9723308,0.24200583664414746
1746285580.0485127,0.24200583664414746
1746285580.1212451,0.24200583664414746
1746285580.187357,0.2338631231017061
1746285580.2527065,0.22364606424017916
1746285580.3133712,0.22159744384831212
1746285580.3897197,0.19835231081648078
1746285580.479338,0.1801524909529514
1746285580.545797,0.17201994351811126
1746285580.6211102,0.19431964320998216
1746285580.6885228,0.18623408747021003
1746285580.7577455,0.1801524909529514
1746285580.8210688,0.19028030844000787
1746285580.8859313,0.1801524909529514
1746285580.9555151,0.1801524909529514
1746285581.0207553,0.13094935324209975
1746285581.1001537,0.10597519715238751
1746285581.1796145,0.057397145515512164
1746285581.2262256,0.0722820697008166
1746285581.2963088,0.08918549011474838
1746285581.3637688,0.10178842060114336
1746285581.4441175,0.11224238487683673
1746285581.508919,0.11432787037705702
1746285581.575341,0.1038826894063927
1746285581.6341665,0.08918549011474838
1746285581.6974726,0.11224238487683673
1746285581.7747993,0.133019167401157
1746285581.8497474,0.14128114260564037
1746285581.9393563,0.17812193223667833
1746285581.9928303,0.1801524909529514
1746285582.0507176,0.18825813569966907
1746285582.1347795,0.17812193223667833
1746285582.201992,0.18623408747021003
1746285582.289276,0.19065982203129664
1746285582.3513381,0.21132855351127774
1746285582.429963,0.21652185408496857
1746285582.4946241,0.2561900835214913
1746285582.5670166,0.26022733228572875
1746285582.6532445,0.24200583664414746
1746285582.7226596,0.2501212367102562
1746285582.79181,0.24403728837806568
1746285582.846215,0.23544458779982314
1746285582.9150476,0.22416488032135587
1746285583.009394,0.22333303567385956
1746285583.061487,0.21785270522125783
1746285583.1312356,0.2120164677013533
1746285583.2095954,0.2120164677013533
1746285583.2637148,0.21676931538016433
1746285583.3311212,0.22388098131347353
1746285583.4005282,0.2262469948009919
1746285583.473698,0.2262469948009919
1746285583.5396874,0.22388098131347353
1746285583.6007245,0.22861058841072604
1746285583.6622407,0.23097199722005
1746285583.7390509,0.23097199722005
1746285583.8087761,0.23333099309809557
1746285583.8874454,0.23333099309809557
1746285583.9402795,0.23333099309809557
1746285584.0116806,0.23333099309809557
1746285584.0911663,0.23333099309809557
1746285584.1655385,0.23333099309809557
1746285584.2259266,0.23333099309809557
1746285584.2918813,0.23333099309809557
1746285584.3582752,0.23333099309809557
1746285584.442426,0.23333099309809557
1746285584.5073404,0.23333099309809557
1746285584.5861647,0.23333099309809557
1746285584.641219,0.23333099309809557
1746285584.71516,0.23333099309809557
1746285584.785868,0.23333099309809557
1746285584.857825,0.23333099309809557
1746285584.9245272,0.23333099309809557
1746285584.9959037,0.23333099309809557
1746285585.0758574,0.23333099309809557
1746285585.13548,0.23333099309809557
1746285585.196033,0.23333099309809557
1746285585.2642875,0.23333099309809557
1746285585.3340666,0.23333099309809557
1746285585.4154615,0.23333099309809557
1746285585.4816365,0.23333099309809557
1746285585.5341642,0.23333099309809557
1746285585.6151412,0.23333099309809557
1746285585.6784642,0.23333099309809557
1746285585.7547503,0.23333099309809557
1746285585.8306704,0.23333099309809557
1746285585.8810341,0.23333099309809557
1746285585.9592361,0.23333099309809557
1746285586.0359771,0.23333099309809557
1746285586.1089869,0.23333099309809557
1746285586.175422,0.23333099309809557
1746285586.2366495,0.23333099309809557
1746285586.305668,0.23333099309809557
1746285586.3796785,0.23333099309809557
1746285586.45037,0.23333099309809557
1746285586.5074515,0.23333099309809557
1746285586.586406,0.23333099309809557
1746285586.6483283,0.23333099309809557
1746285586.7151825,0.23333099309809557
1746285586.780773,0.23333099309809557
1746285586.8625958,0.23333099309809557
1746285586.921968,0.23333099309809557
